game,ale_env,hneat_object,hneat_pixel,hneat_noise,neat_object,neat_noise,cne_object,cne_noise,cmaes_object,random,sarsa,planning,human
Air Raid,ALE/AirRaid-v5,4335.00,7415.00,2380.00,4945.00,3450.00,4180.00,3075.00,4615.00,548.30,,,
Alien,ALE/Alien-v5,2246.00,1586.00,764.00,4320.00,1842.00,1988.00,1960.00,2730.00,116.70,939.20,7785.00,
Amidar,ALE/Amidar-v5,218.80,184.40,124.00,325.20,187.20,161.80,195.00,467.40,0.90,103.40,180.30,5342.00
Assault,ALE/Assault-v5,2396.00,912.60,764.40,2717.20,799.00,1276.80,693.00,2219.40,366.10,628.00,1512.20,
Asterix,ALE/Asterix-v5,2550.00,2340.00,1410.00,1490.00,1240.00,1310.00,1300.00,2970.00,315.00,987.30,290700.00,
Asteroids,ALE/Asteroids-v5,220.00,1694.00,5316.00,4144.00,7204.00,4800.00,6940.00,3734.00,1394.30,907.30,4660.60,663000.00
Atlantis,ALE/Atlantis-v5,44200.00,61260.00,78640.00,126260.00,103120.00,96080.00,86000.00,81980.00,32063.30,62687.00,193858.00,372400.00
Bank Heist,ALE/BankHeist-v5,1308.00,214.00,68.00,380.00,106.00,372.00,110.00,354.00,17.30,190.80,497.80,
Battle Zone,ALE/BattleZone-v5,37600.00,36200.00,48600.00,45000.00,41800.00,30600.00,20000.00,51600.00,2000.00,15819.70,70333.30,238000.00
Beam Rider,ALE/BeamRider-v5,1443.20,1412.80,1360.80,1900.00,1437.60,1494.40,1380.00,1736.80,414.70,929.40,6624.60,23020.00
Berzerk,ALE/Berzerk-v5,1358.00,1394.00,1296.00,1202.00,1536.00,988.00,1560.00,1044.00,171.70,501.30,670.00,104450.00
Bowling,ALE/Bowling-v5,250.40,135.80,101.40,231.60,170.60,223.00,147.00,168.60,23.80,43.90,43.90,237.00
Boxing,ALE/Boxing-v5,91.60,16.40,33.80,92.80,60.80,45.20,57.00,71.80,-2.20,44.00,100.00,
Breakout,ALE/Breakout-v5,40.80,2.80,2.40,43.60,5.00,17.20,4.00,23.20,0.80,5.20,364.40,825.00
Carnival,ALE/Carnival-v5,3532.00,2544.00,3048.00,4920.00,4338.00,5514.00,3880.00,3064.00,915.30,2323.90,5132.00,824580.00
Centipede,ALE/Centipede-v5,33326.60,25275.20,20309.80,22469.60,24831.60,22866.00,21849.00,27293.00,2711.30,8803.80,125123.00,163278.00
Chopper Command,ALE/ChopperCommand-v5,8120.00,3960.00,2680.00,4580.00,3360.00,5960.00,3500.00,13360.00,836.70,1581.50,34018.80,201600.00
Crazy Climber,ALE/CrazyClimber-v5,12840.00,0.00,11680.00,25060.00,23560.00,25320.00,21400.00,19980.00,2506.70,23410.60,98172.20,
Defender,ALE/Defender-v5,15080.00,14620.00,22830.00,16250.00,36300.00,16410.00,35250.00,12230.00,4370.00,,,550000.00
Demon Attack,ALE/Demottack-v5,3082.00,3590.00,2967.00,3464.00,2707.00,3377.00,3065.00,2834.00,354.70,520.50,28158.80,92420.00
Double Dunk,ALE/DoubleDunk-v5,4.00,2.00,0.00,10.80,10.80,12.40,10.00,2.40,-16.00,-13.10,24.00,
Elevator Action,ALE/ElevatorAction-v5,21600.00,0.00,800.00,32820.00,31120.00,32460.00,30300.00,23320.00,4026.70,3220.60,18100.00,
Enduro,ALE/Enduro-v5,112.80,93.60,90.60,133.80,99.40,27.40,35.00,95.40,0.00,129.10,286.30,3159.20
Fishing Derby,ALE/FishingDerby-v5,-37.00,-49.80,-72.60,-43.80,-47.40,-46.60,-51.00,-45.40,-93.50,-89.50,37.80,
Freeway,ALE/Freeway-v5,29.60,29.00,28.00,30.80,30.00,26.40,29.00,32.00,0.00,19.10,22.50,34.00
Frostbite,ALE/Frostbite-v5,2226.00,2260.00,270.00,1452.00,338.00,362.00,320.00,3786.00,66.70,216.90,270.50,416560.00
Gopher,ALE/Gopher-v5,6252.00,364.00,1260.00,6092.00,2600.00,2588.00,2440.00,10428.00,213.30,1288.30,20560.00,
Gravitar,ALE/Gravitar-v5,1990.00,370.00,710.00,2840.00,2530.00,2390.00,2300.00,2010.00,170.00,387.70,2850.00,8000.00
Hero,ALE/Hero-v5,3638.00,5090.00,1858.00,3894.00,5729.00,5067.00,5775.00,3546.00,834.50,6458.80,12859.50,159900.00
Ice Hockey,ALE/IceHockey-v5,9.00,10.60,7.40,3.80,3.00,2.20,2.00,3.80,-9.90,-9.50,39.40,
Jamesbond,ALE/Jamesbond-v5,12730.00,5660.00,2060.00,2380.00,6900.00,410.00,250.00,1770.00,18.30,202.80,330.00,
Journey Escape,ALE/JourneyEscape-v5,20760.00,17100.00,11460.00,21840.00,18600.00,19100.00,18300.00,14660.00,-20026.70,-8713.50,7683.30,
Kangaroo,ALE/Kangaroo-v5,4880.00,800.00,720.00,12800.00,1280.00,1160.00,1400.00,8840.00,53.30,1622.10,1990.00,29700.00
Krull,ALE/Krull-v5,23890.20,12601.40,10005.40,20337.80,6864.20,6101.80,5688.00,25908.80,1780.30,3371.50,5037.00,
Kung Fu Master,ALE/KungFuMaster-v5,47820.00,7720.00,20580.00,87340.00,57820.00,83080.00,54900.00,78960.00,553.30,19544.00,48854.50,65130.00
Montezuma Revenge,ALE/MontezumaRevenge-v5,0.00,0.00,0.00,340.00,60.00,340.00,100.00,340.00,3.30,10.70,10.70,70500.00
Ms. Pacman,ALE/MsPacman-v5,3830.00,3408.00,2378.00,4902.00,3916.00,4112.00,3980.00,3728.00,167.70,1691.80,22336.00,211480.00
me This Game,ALE/meThisGame-v5,8346.00,6742.00,4570.00,7084.00,5452.00,6396.00,5210.00,6820.00,1806.00,2500.10,15410.00,
Phoenix,ALE/Phoenix-v5,5860.00,1762.00,4898.00,7832.00,6290.00,9178.00,7960.00,5472.00,1173.70,,,365240.00
Pitfall,ALE/Pitfall-v5,0.00,0.00,0.00,0.00,0.00,0.00,0.00,0.00,-383.30,,,109858.00
Pong,ALE/Pong-v5,4.00,-17.40,-19.60,15.20,-16.00,-10.00,-16.00,-7.40,-20.70,-19.00,21.00,
Pooyan,ALE/Pooyan-v5,2900.00,1222.00,2566.00,2761.00,2782.00,2883.00,2670.00,2210.00,505.20,1225.30,17763.40,
Private Eye,ALE/PrivateEye-v5,15045.20,10747.40,10692.60,1926.40,14412.80,9750.40,14385.00,880.00,-690.30,684.30,1947.30,
Qbert,ALE/Qbert-v5,810.00,695.00,795.00,1935.00,1275.00,2165.00,1200.00,1675.00,222.50,613.50,17343.40,119300.00
Riverraid,ALE/Riverraid-v5,4736.00,2616.00,2136.00,4718.00,3116.00,4120.00,3000.00,3760.00,1524.70,1904.30,4449.00,135830.00
Road Runner,ALE/RoadRunner-v5,14420.00,3220.00,2900.00,9600.00,7440.00,5140.00,7000.00,11320.00,43.30,67.70,38725.00,
Robotank,ALE/Robotank-v5,42.40,43.80,37.80,18.00,35.60,15.00,33.00,14.40,1.60,28.70,50.40,
Seaquest,ALE/Seaquest-v5,2508.00,716.00,760.00,944.00,860.00,800.00,840.00,880.00,114.00,664.80,5132.40,205210.00
Skiing,ALE/Skiing-v5,-9127.20,-7983.60,-8836.00,-6984.00,-9071.20,-8452.40,-9612.00,-7361.20,-18196.90,,,
Solaris,ALE/Solaris-v5,0.00,160.00,11020.00,14764.00,16760.00,14768.00,16120.00,11740.00,2048.00,,,49640.00
Space Invaders,ALE/SpaceInvaders-v5,1481.00,1251.00,809.00,1481.00,1138.00,1246.00,945.00,1428.00,157.20,250.10,2718.00,42905.00
Star Gunner,ALE/StarGunner-v5,4160.00,2720.00,1260.00,9580.00,6740.00,11300.00,5900.00,9260.00,683.30,1069.50,1345.00,
Tennis ,ALE/Tennis-v5,0.20,0.00,0.00,1.20,0.60,1.40,0.00,-1.00,-24.00,-0.10,2.80,
Time Pilot,ALE/TimePilot-v5,15640.00,7340.00,10020.00,14320.00,14600.00,13060.00,12800.00,10180.00,3660.00,3741.20,63854.50,
Tutankham,ALE/Tutankham-v5,110.00,23.60,20.40,142.40,126.00,163.40,139.00,126.00,24.30,114.30,225.50,
Up N Down,ALE/UpNDown-v5,6818.00,43734.00,11632.00,10220.00,9050.00,6466.00,7790.00,8404.00,140.30,3532.70,74473.60,
Venture,ALE/Venture-v5,400.00,0.00,0.00,340.00,200.00,160.00,200.00,0.00,0.00,66.00,66.00,
Video Pinball,ALE/VideoPinball-v5,82646.00,0.00,72326.40,253986.00,426194.40,335109.00,419666.00,234699.80,14130.00,15046.80,254748.00,56851.00
Wizard of Wor,ALE/WizardOfWor-v5,3760.00,3360.00,6660.00,17700.00,14260.00,10720.00,15900.00,7600.00,1050.00,1981.30,105500.00,47100.00
Word Zapper,ALE/WordZapper-v5,24405.40,24096.40,29921.00,32836.40,48288.60,21472.20,44085.00,27328.00,3252.20,,,965347.00
Yars Revenge,ALE/YarsRevenge-v5,4680.00,3000.00,600.00,6460.00,3600.00,6260.00,3000.00,6420.00,0.00,3365.10,22610.00,44100.00
Zaxxon,ALE/Zaxxon-v5,14.00,5.00,0.00,17.00,4.00,10.00,3.00,8.00,,,,